feature1;feature2;type
-5.881709275808472;0.12248638608632156;1
-4.466672022488017;0.07852507287228405;0
-7.923993492210437;-2.232741180451468;1
-6.510800574484876;2.405342441173165;1
-9.59042508730937;1.4256958386337635;1
-1.2533671971240636;2.1389079000229954;0
-3.1407766925844514;-0.21650719200299662;0
-4.341422853151678;1.705705242318965;0
-7.452212393775496;0.483137584705427;1
-9.05137549209098;0.8102653226142322;1
-5.688493914741519;4.379421735233859;0
-4.0084879183882025;0.12669802503128624;0
-6.125395870736854;-1.9187854248644582;1
-8.473259651748393;-0.11465867515986783;1
-4.864756655265735;-2.486908667715549;0
-7.281070891233893;1.4632791858639491;1
-7.933090883377354;1.0693227468114985;1
-7.551291930044751;-1.7781877481065287;1
-3.7779865958206713;-2.5292472586216377;0
-8.817066113870514;-0.2307880318821463;1
0.4407007637427478;1.9052129288301733;0
-2.3413675422490017;-1.1836131268077978;0
-6.698869546442797;-2.387462362821579;0
-6.541109587025575;-2.100775518532654;1
-3.7095550069414434;1.4594521507402118;0
-1.9891909635117133;3.2691174898652204;0
-3.3679383872799393;-1.6777259337041661;0
-7.9218755476472;1.7258149694306577;1
-2.0550027189040287;0.032645082067842335;0
-6.961238991946267;0.9020978824807528;1
-5.871379839458711;0.6101008096420106;0
-5.3960944553876296;1.1677939026725397;0
-5.417035343005045;2.1446421028038793;0
-2.3213429072471827;1.4802144207626966;0
-4.238722427846383;0.12398613490986699;0
-2.333403330236016;-2.3357966873355043;0
-3.9440857492475865;1.81372131418928;0
-6.0405843792803875;0.2312803197969553;1
-6.075098125040787;0.13165848966426097;1
-8.840718771034956;0.04022726972997481;1
-4.19667216418709;0.1445044058617604;0
-6.213001693039377;2.3632072527723964;0
-10.293087068756964;-3.028169065094234;1
-4.078438966735024;1.3557222423481665;0
-2.768729021040566;4.164586735757334;0
-2.6363358400236674;2.6031872015516644;0
-7.6825419263055315;0.5596012066703266;1
-5.497524516992062;-1.1542512316896207;1
-4.9639561430423935;-0.5320867360681116;0
-1.5256598414460827;0.35140491420130104;0
-3.514249316727732;1.5754465209204909;0
-8.058971478265638;-1.542192875764383;1
-7.160099267899385;-0.7732679058314937;1
-5.361424002098103;2.2933451977859045;0
-7.064182497105368;-2.255170892004439;1
-6.802009194116429;-0.5564510265173107;1
-6.6384409847007415;-0.43750466964876533;1
-1.7328635048304792;0.764642231034912;0
-4.377867221670378;1.2354460434935541;1
-9.59771609912155;1.78976742098228;1
-0.9364739687175581;2.4903084934400046;0
-8.84850923625327;-0.14222762605705797;1
-5.6432515937178405;-0.2909726002201982;0
-4.6947753883944205;1.666057449092293;0
-4.184680300115099;-0.616732999431;0
-5.461080254624593;1.7608798897682385;0
-5.972770967374978;0.8971614883659154;1
-5.151419669325627;4.820460085935926;0
-3.514745377195012;1.0879960375125297;0
-1.8509038377577394;-0.9432947133057383;0
-7.10641818998446;1.0348452017779846;1
-7.671824584866041;0.2496032276172303;1
-8.743983720080207;-0.628307308835758;1
-6.445986594967975;-0.7826969337379777;1
-3.297011176089907;-0.46839650377977193;0
-9.376891801588568;-1.779628594527188;1
-5.612687636982682;0.4344807079246648;0
-7.43562719991343;-2.3008083841653386;1
-4.9310527659226455;1.1792489086331233;0
-7.351074990164764;-1.0825195752453203;1
-8.270295054008024;-1.0209347258447201;1
-5.223293324140236;-0.055122336619342516;0
-4.710234270464181;-2.5899400405538824;1
-9.610651465445892;0.6474219028214805;1
-3.352548000279091;1.2981083849537192;0
-4.358506882255857;1.3383681385086632;0
-2.941222522434062;0.7035055170564206;0
-6.835063673967115;0.4684513847714499;1
-4.194196964842272;1.4365521303428648;0
-0.24182364708050752;0.19270941331110436;0
-7.552543147235591;-0.513418472838679;1
-2.5276322093740595;-0.0365303064299376;0
-1.8684145661506797;0.11190577015617742;0
-5.014341356997134;1.386558965760945;0
-2.7460241268242447;-0.3302054327842405;0
-2.7221233358791412;2.273112612650017;0
-3.3934968496669864;1.7748691645613106;0
-5.493305838096702;-0.30322221770042257;1
-4.234332687420818;-0.2519240102744502;0
-6.710005151562648;2.8489161332604076;1
-2.9464755786683665;-1.43729379702505;0
-2.656157245575345;-0.9248822305649085;0
-5.88112485350886;-2.4186182907754827;0
-8.040202572381363;-0.38971380116160576;1
-2.8609201588707807;0.5795820633134026;0
-8.531345014039251;-0.06120601908370282;1
-5.54279042312958;-0.6517112202037187;0
-3.2920462717814214;2.5054204144405894;0
-7.484437165588678;-0.6979877177908889;1
-3.8487161598164876;0.17911169350023448;0
-6.953712247534727;-1.314917415044119;1
0.14490600279279864;1.9504863368124497;0
-6.242330688416907;0.9218910406554766;1
-4.219072026171396;-1.4850668035897776;0
-8.72851790499532;2.20431812821821;1
-8.790239534172455;-0.595841534436353;1
-9.96351634764893;-1.2437511305705753;1
-1.442136465009511;0.9743695615451764;0
-8.652697077156638;-1.4413891801235215;1
-8.34182791206872;-0.807948841272787;1
-5.590026927049371;0.8865826520911086;1
-5.748835784746309;0.35866918829208105;1
-1.994218781282573;1.6817784178951014;0
-8.22969653941084;-0.6301867214103148;1
-0.6275596155034191;1.2368775595694717;0
-5.902499009795992;-0.4918530966449668;0
-8.038588775958543;1.3761627326836927;1
-3.429472852829395;-1.1922687694730212;0
-4.171491114941521;1.3738658774750994;0
-3.6068122881013025;1.4497654762169685;0
-7.880377674734929;0.5231928195950977;1
-1.5688781485641017;2.535174831985287;0
-3.5619875553048277;1.1868637687493933;0
-3.895670149340692;0.1646396249595269;0
-6.694199317813415;-2.409445101759382;1
-3.5436143821437445;1.4041848743867256;0
-9.308040470354408;-0.027218461178891706;1
-6.849016700408801;-0.6485523972888685;1
-10.066758513145356;-0.7247424972359033;1
-4.348374101204304;1.7340445842133168;0
-6.574749239688737;-1.6743902935072221;1
-4.223315147712057;0.04464352835514851;0
-9.362962695202553;-0.5023804356325422;1
-7.920225863753965;-1.0172523203221417;1
-6.685447724630555;-1.63588022000905;1
-4.746247675103657;3.5789619564206197;0
-9.456057428356292;1.23075946308295;1
-8.848353060522705;-2.2476799720312695;1
-7.218541947549613;-0.30709807674395057;1
-6.644387877663716;-1.3598773626757426;1
-2.3751995991759998;1.9710223593905851;0
-7.136256791735865;0.18243560197324737;1
-7.68904594239407;-2.823343550495501;1
-4.294237039242738;-1.473551359460744;0
-4.808113247964344;-0.20274442067497367;1
-5.196252487506534;4.321835376790782;0
-5.815124578133345;-1.4883889391973255;1
-6.835425781460294;-1.3301418169084291;1
-5.443557339142867;-0.4717728073366689;1
-7.9003192641341755;-1.7104178901461706;1
-3.825490690827751;3.5518817746565845;0
-5.176931309874607;2.205996055063063;0
-1.701176108061759;3.667442763367267;0
-1.0051545211837807;-0.48997441745427617;0
-7.747096772207163;-0.625017602364362;1
-7.108454306894074;0.6485900333560904;0
-1.6513689333644095;1.727019294158392;0
-9.251634543459842;-0.7574974386203256;1
-7.376368178038874;0.8260653525201229;1
-8.478215622702363;-0.36984433276806394;1
-6.849381043166552;0.9353744911032589;1
-7.31138303747765;0.9507730956382685;1
-3.6890239724067437;1.6803214845253138;0
-8.311995678525825;-1.1485667030749753;1
-8.94996911307902;2.5835118265245907;1
-3.4703761122490717;0.9706284698377703;0
-8.797529934984679;-1.5188396557619352;1
-6.376602355462309;1.520886550446102;1
-6.759470133833682;-0.9510528409758422;1
-9.152943563793345;-1.1011877314684162;1
-8.06366359503092;-1.8774213986780375;1
-5.071946879035272;0.6132442383405288;0
-7.497134313011413;-1.5279367496979468;1
-3.8556919840085415;-1.6074923041387854;0
-3.7154764634012643;3.242803438307463;0
-7.450033828279479;-0.1649167123227897;1
-3.8897830863460934;0.7069268016988954;0
-8.47180187018051;0.3423773424617096;1
-4.179822286749408;-1.259295166274053;0
-0.5491644755054126;-0.9991775984622038;0
-9.573426602729505;-0.7535700492299081;1
-8.140416049700248;-0.744771567763309;1
-4.151873486170398;-0.4763717420759803;0
-9.708624523572517;-0.9385130965489151;1
-7.910008271413972;-0.22860617806006023;1
-7.239174312881801;1.4322752538297325;1
-1.1412609556441384;-0.30058567164653605;0
-6.962842619353903;-4.467891485001122;1
-6.12117454578165;0.009756986009350488;1
-5.212096563486582;1.5991902448454118;0
-8.240910948891532;0.11383786927991757;1
-2.9824902994069276;-1.9536278086886014;0
-6.621162466172571;-0.12605112685179048;1
-6.0991482641742145;-0.5925420002113925;1
-4.9511136198951275;-0.07820078454466728;0
-5.152455588117614;0.9951340026102977;0
-6.516457337229151;-0.2717886961532358;1
-2.7071312173366895;0.5907795711237045;0
-8.501900948202945;-2.920853020023408;1
-4.621583172452137;-0.508330704190957;0
-7.876760345569985;-1.6806445963797367;1
-3.3283951933990568;-0.6400523458065814;0
-2.5715658551642737;0.8461424402285832;0
-9.193634493535962;-1.8496347964053588;1
-8.230284618075334;-0.6234774005322641;1
-3.536834286000182;-1.877465452065049;0
-3.5097616890824055;-0.1672248923842805;1
-6.727918340740163;2.074257337197857;1
-2.315921969596385;3.517406687571105;0
-4.079223730223004;0.9218617888582146;1
-2.8805498047637395;0.5369131067594954;0
-10.305685571119263;-0.08738154168974321;1
-8.579704421039219;-2.42196460169816;1
-8.436325424798385;-0.9639227001678558;1
-7.735973088883176;-2.0997962483673582;1
-0.9577880676641191;-0.6979597560073565;0
-8.197656520256587;2.7936574371261234;1
-3.453181920771024;4.122245303182372;0
-7.1966168547565905;-0.9579107275762203;1
-7.863110048261909;-3.561986017818154;1
-5.76268509164113;-0.3603941705405504;1
-3.086175642685283;2.0365747855763057;0
-3.124859666945686;1.5028106113814639;0
-1.547006666193118;-0.4839481910631247;0
-7.1131122959304465;-0.3531225014158702;1
-7.611618127006118;-1.8000958890345236;1
-3.6665106225606463;-0.08208653556388978;0
-6.7232406714066455;-2.603648400196268;1
-7.729771215655906;-0.057600017551993676;1
-3.421627852852055;0.3472398784642153;0
-6.446577432410345;-1.2687220628102365;1
-2.0022990598238875;0.901589289372015;0
-6.371790133908439;0.09161885756328614;1
-3.922967416486016;-0.8617263673803226;0
-4.426816480950546;0.845490865751769;0
-9.421571959155084;1.2150939215725967;1
-8.018355996087266;-0.8429573617821496;1
-7.321285492370512;2.0950428396980727;1
-5.308658841293594;1.1532407124981638;0
-7.235506503180154;-1.2388711988829502;1
-5.605905971512219;1.5688942762623237;0
-8.948990597019964;-0.8089807202900601;1
-2.8474710809228503;2.0740053042970263;0
-1.5948657295522919;1.378017293174863;0
-6.95180990581664;1.8942588609936197;1
-0.8049295302077022;-2.0327341244411548;0
-3.473021590744039;2.015171658954169;0
-0.057741244125690816;-0.8247808856360472;0
-4.910439791632939;-0.14208203217839221;0
-9.167555553002455;-1.4060156621259157;1
-6.1565738557661716;-0.9645648619050495;1
-6.104457635302376;0.011365166617614664;1
-3.942156134766721;2.2412110691445464;0
-9.195291168756555;-0.4744006580115168;1
-5.109666155632173;0.7599156651411207;0
-9.622155245383464;-0.46359474831169656;1
-5.710152211208163;-2.344115273940424;1
-10.087985349843297;-0.9642996977762841;1
-7.609553573185232;-0.5866421610053232;1
-6.429445716516734;-2.2297667201171656;1
-7.026623904034109;-0.87546695540654;1
-8.421189245328023;-0.09659052801742685;1
-6.713785358912254;0.4760399790069971;1
-3.1024942575622845;-1.6145941884785877;0
-5.0216109567963105;2.9026579144142617;1
-2.363382154136881;2.313305690184939;0
-4.308400799041742;1.7099914504244458;0
-1.0256656880901334;3.169409297947067;0
-7.272403723550951;-2.4630440774796196;1
-9.796147212094072;1.6999934170341047;1
-5.793875254451491;2.27809716660582;1
-4.09399085512792;-1.4731925499580525;0
-8.368136655821734;-3.6800514630078567;1
-0.8931961605691239;4.574920626076621;0
-2.280790202266702;-2.261911543739619;0
-1.739977372416918;3.81128076678909;0
-7.457723402668995;-0.09828495865311937;1
-8.196358011435612;-2.121102803449591;1
-5.29386664644164;-2.9961980115766207;1
-5.775405446780758;-2.5474757231501943;1
-6.867149251453857;0.3076431385073717;1
-3.756304915371746;-1.384628827026722;0
-5.972861516944586;1.8365531721792294;1
-5.632779313330424;0.12767677509468167;1
-10.380358181611474;-3.3362572303374147;1
-9.580687089530475;0.21979151785951956;1
-4.156609458282233;1.270146339332809;0
-5.845881709985418;-1.4258988418082965;1
-9.60315066433272;2.2318240763091657;1
-3.7470124683395056;-0.06551297366155795;0
-3.4747880990644227;1.7115569208874153;0
-8.906800230413975;0.8664749553942435;1
-7.126245064586491;-0.48266917472473625;1
-3.2283554337367546;3.0336811183699295;0
-2.4317360991924506;1.2662565289253522;0
-2.6462667903602735;1.2834875674827098;0
-6.1370601499762065;-1.4860926942425965;1
-3.9155790592971242;-0.9301142345304165;0
-3.3950044380926143;-0.03297120907584894;0
-6.358625143833632;-1.374166444415315;1
-6.200865302219736;-2.295968480282078;1
-4.046508277142532;1.3026100232028743;0
-9.190456982370995;1.96461607206099;1
-10.318947194956502;-0.7470985871061524;1
-4.202592201371866;1.9721487626727332;0
-8.615228317491528;-0.8709775677390146;1
-8.97905617018133;-0.15941543457003238;1
-7.626323814503181;-0.022713177487706182;1
-7.048499151558489;-2.502933576324951;1
-2.995261985993115;-1.5001624660959476;0
-4.201876994530419;1.5251552494647767;1
-6.249467158463872;0.5916904665699103;1
-8.690352861359994;-0.3572672602108397;1
-6.940941543468542;-2.9625675007156653;1
-4.113878832134907;-0.8979295960096778;0
-7.570126157648546;0.9870275958036343;1
-4.8337765479685375;0.18707835810511697;1
-4.535399971444239;1.3659804801487834;0
-3.3549553143377535;-0.1836508034072608;0
-9.165578604093637;-0.14330819523066474;1
-4.537774129615528;2.517290026013609;0
-2.457248382423952;1.6933036372873524;0
-8.756319689546398;-1.5097261061798977;1
-3.666129481327013;2.342209479517113;0
-3.1686440199177643;4.794884472696745;0
-3.097184355274979;4.1272215686178715;0
-7.17590306080781;0.06177913209155683;1
-9.251405125694184;-0.844245900749259;1
-7.233292107259536;-1.3944576733923244;1
-5.522845575144286;0.37368658824315415;1
-0.6006843645245947;0.7290680898680589;0
-7.474017361346454;1.8741180906446968;1
-7.038997583141459;-1.4657200809133901;1
-7.329960880131755;0.07843698732916493;1
-2.9722661160366988;0.8595309164084596;0
-5.952784962020188;-0.8932666479182959;1
-4.828159503402986;-0.8938992669873218;0
-2.852058616458625;0.4966075152037689;0
-2.2104223849791795;1.3381681809484944;0
-2.3858735996100218;3.1422679508681686;0
-5.323989266047317;-0.014414121902724286;1
-9.666444540453641;0.3078701314210789;1
-6.000400471012889;-1.6357741067312417;1
-8.20005345535154;-1.894648590750267;1
-0.24063027770937584;2.5373016040727814;0
-3.9796446262896525;1.3547725975885692;0
-1.5909235638004122;1.3224206047062932;0
-6.966262987352522;-4.438120585298195;1
-8.350931154582385;-0.014474381876702525;1
-4.482639153549714;2.2005289712746863;0
-1.4610444760284964;0.302969578685215;0
-7.250562920128491;-0.1326505872256747;1
0.372573690215281;0.6501560998950835;0
-3.97316775251637;-1.9394744760775064;0
-2.7475705050364994;-0.889670952854372;0
0.05001251389740524;3.6692997228186806;0
-4.5013527448894655;-0.3224870418687675;1
-7.339944084356235;0.8902320242679636;1
-10.485912001357121;1.1909562137708538;1
-3.0822569736273207;3.445655576473366;0
-7.291588592554025;-0.13034253651358801;1
-5.3666493070826995;1.2669689566560014;0
-1.3782431956149885;3.082716457758266;0
-3.9995570234971813;0.5373477775631146;1
-7.904985803906458;-0.8384162626392038;1
-2.048336555935143;-0.8957603220848882;0
-7.284792798487299;2.731417638076151;0
-8.068238175458994;-1.398247176342168;1
-5.910277509430223;-0.9491518061663426;1
-4.770469360474089;-1.0914061435788742;0
-7.751435956231665;0.4624446850348449;1
-7.198468473267978;-2.1586016096332825;1
-9.689428308136586;-0.23483549742977522;1
-6.914212685925121;-2.465091756187049;1
-2.465931470007785;2.296577904529886;0
-6.400669253195627;-0.229864117364023;1
-2.9975673525577253;3.6531393304290463;0
-6.965210577482075;0.20321712838638106;1
-5.397709936893759;0.514123363356575;0
-0.6644878797022495;-2.763088035004122;0
-5.161012413594655;0.8298611777671803;1
-2.4270581295039713;0.8876875726813906;0
-5.169331159241729;2.442790719141861;0
-9.559298171055975;2.010746907463525;1
-1.9601872442555879;-2.140716804233999;0
-6.574968816800726;0.309355611776464;1
-4.2300472608538975;0.5811449775865745;0
-2.4471548374787306;2.826421249357521;0
-9.314842027685582;0.33098503240620847;1
-10.806761756271936;1.8010865361876247;1
-6.058611392106127;-0.1862470121926711;1
-4.826677852641302;1.9302362748659196;0
-8.752730342718033;-1.4207796812825524;1
-8.724221573757852;-0.6757683090077942;1
-7.6064187243083365;-0.10569973025709245;1
-7.761327550329973;-0.22307339017435868;1
-3.422411413661502;-0.3168920767780974;0
-5.7273848132795475;2.2050173319888637;0
-6.560882496410332;0.056062086450953674;1
-3.755940882682147;-0.4866922325316967;0
-4.261541571819388;0.3510632613661976;0
-7.061614065604424;-1.7787527864551669;1
-5.116002377414919;-1.228894019279139;0
-3.5282527520766043;1.7811669429599057;0
-5.431826355490229;2.733678456659269;1
-3.912533427424932;0.9217399488606086;0
-4.224477589355093;-0.001401544057832882;0
-5.367725901289943;0.9720284162117638;1
-1.8244427862799446;2.4537379521927623;0
-1.2791396063446139;-0.44363537702708644;0
-8.515740500767397;-0.43879340536004563;1
-6.8270443309737185;-2.7155942752781;1
-5.196823609778844;2.53716023582808;0
-3.7499634681637977;2.065430903564551;0
-2.611973679586935;-2.3021191123973734;0
-4.616187126543645;0.7884209466629929;0
-5.128024227757152;-1.3601434883682568;0
-3.829176403655658;0.9003499272164003;0
-2.831420463477314;1.3947103087487343;0
-6.606894435932857;-0.8736087702950652;1
-4.122324961966249;1.3984077971781927;0
-6.97970458059033;0.8741846828101496;1
-4.771324294114473;2.9410091833951015;0
-4.320912286986516;1.7666681073876855;0
-10.26763811118318;-0.4406415575203578;1
-6.660101899208274;-0.9638220358804276;1
-6.798087851770887;0.028510312583876374;1
-4.779699859854942;0.6079867925246034;0
-6.138707363175972;-1.4179891742491275;1
-3.060129061800245;0.9086140670618743;0
-2.505031891812308;0.6474335939737397;0
-11.35876199006859;-1.6693794168262068;1
-2.639417822031432;-0.6387716819094087;0
-1.44928854554683;1.5279503793655116;0
-7.364004876150613;1.37860028682319;1
-11.095572072076871;-0.8382599715740238;1
-6.45350753852997;-2.076253566295219;1
-3.1344715439254833;2.596176068087348;0
-0.7212250769755064;-0.9805342975093998;0
-8.52629008836511;2.8467021109620094;1
-5.260969249298919;4.317228857103203;1
-3.9510411245138464;2.5140401987476606;0
-0.4544111992114779;1.7795055306379055;0
-7.76784558290233;0.24875709050919648;1
-5.884703429273566;-1.044590610805591;1
-9.973488663007588;-0.8192870614599812;1
-6.825728078260321;-0.6447838103341424;1
-6.743082009347863;2.291876288203192;1
-2.1293628041886246;1.5268744078729797;0
-6.874696711138933;-1.712575524655053;1
-3.056684821375849;-0.03803693121553331;0
-7.911113089701199;-0.8717169762231207;1
-5.537860062808061;-0.34975759472725265;0
-5.774982957043573;-0.08139810728487529;0
-6.253790242078627;-0.4112559100021276;1
-7.112918863440938;-1.4372224755612208;1
-3.6292423684306865;-2.4981980761412714;0
-4.313177430163799;0.7670426311267506;0
-9.195975648325277;-0.0971340162607296;1
-2.3714785825562243;1.5303233269184806;0
-4.9126385229968115;-0.3341948645929358;0
-2.4993196789285106;3.1064881834747546;0
-7.184829790775053;-2.506951793205828;1
-2.222374657310282;-0.7705604250489602;0
-6.15637186402591;-0.26122573871355814;0
-8.731808494487503;1.05620263688032;1
-4.646030491603617;0.19784481660836228;0
-5.449463679072668;1.1347038412611439;1
-8.629389178417496;-1.605174405033439;1
-6.2320949843126865;-0.2470167498509695;1
-9.041046211672686;0.09567452349261607;1
-1.8310750701873357;-0.04007599174585552;0
-4.0948972572341775;2.417732768510678;0
-8.591153194115417;-1.0824428727159634;1
-6.544933899515396;0.9084533617728272;1
-2.740163610008006;0.924381890040413;0
-8.12889977380009;0.9739539027365278;1
-8.774975708728634;-1.2179230713556335;1
-3.031554153309869;1.1863950909452776;0
-0.7874995530225197;1.2170907772246422;0
-7.2631138646311255;-3.3703600245430874;1
-9.552260275524677;-2.936393316056401;1
-1.284083214877909;2.8019566891811003;0
-5.33661608773147;0.2980100234618981;1
-6.299639212036514;-1.9481568082952854;1
-3.0253673002346186;0.6973248849427323;0
-6.726844639310164;0.6762205729287127;1
-7.564083583822647;-2.0442714404967814;1
-6.666472498411261;-0.8052302297901688;1
-0.23934886937163613;1.335741202055122;0
-6.7048987835869305;-1.3695431484655165;1
-3.3715083252829325;0.4054083575093085;0
-7.363452562727266;0.8108227547040232;1
-9.145404828735161;-1.1898440362797278;1
-2.8607877703338684;2.126546210423247;0
-6.133394521335546;-0.8186676314617878;1
-7.206577648664136;-0.7034584756228344;1
-3.153167778186897;1.1065511770390741;0
-4.945829627492156;-0.04770247645879944;0
-5.127166674049518;1.5798173803208562;0
-4.203036800832712;1.6152888863363546;0
-6.169679430039114;1.6061629245377922;0
-2.46733814582755;2.8510866860217945;0
-7.59318850306589;0.34551881530586037;1
-1.8796106178314016;1.389018786585752;0
-8.274170008821521;-1.0813053332841065;1
-10.434841832690783;1.3548757384588;1
-5.749008113315023;-0.7328423874695585;1
-8.339973508524333;-0.624835055126927;1
-3.0880512940611236;2.331293688875478;0
-7.395916047347936;-0.7430343176261422;1
-2.619416043339328;1.9956341090411547;0
-2.518985168090146;1.6748845472291218;0
-2.0131646793812417;1.1910856810080945;0
-1.5379105258056232;-0.19293962576181034;0
-3.5387714585098498;1.86742187803025;0
-8.146964962958593;-0.17769566825802785;1
-4.956340822993939;-0.15520519184796921;0
-5.544144160068196;-1.7660498218253755;1
-6.250757267972111;-2.283106149175603;1
-4.947211174742444;3.5853732957638575;0
-1.968942136247274;1.9014594328815144;0
-1.0374781566797653;0.6190244467882884;0
-2.8257535844301502;3.0512312670767594;0
-5.723528715794781;0.9862307664023847;0
-2.897587287729656;1.4932703741799194;0
-5.33135924099291;2.7297378288743515;0
-8.295361626474204;1.9827825600472875;1
-3.0931065372957782;-2.368766777624203;0
-3.926912195130771;0.19829699154386426;0
-11.284097484139949;-3.711091274267175;1
-3.726031153737181;-1.9706164532883936;1
-3.8574970012357745;0.40506713102710823;0
-7.846139924147254;-1.3411339349302245;1
-9.915409081345711;0.7588238195275396;1
-10.5106758648621;0.12879768017979298;1
-4.284140243493321;1.2822422436097882;0
-6.615539856099811;1.6156616499909033;0
-3.0380254237123787;1.9392547356605367;0
-3.6047481966128334;-0.1512913114990695;0
-1.6127964097081449;2.713578953416156;0
-5.520272478609103;1.1120975577548768;1
-8.105149609390706;-1.9385716615523383;1
-2.6445329142836353;-2.2601568680091404;0
-7.692669406433;-1.8136221937169752;1
-7.799440775526076;-1.9247263148065699;1
-3.7816931808969265;0.5668788110873931;0
-3.6180189629905257;1.4450899934957564;0
-4.20468649039395;1.828786186294261;0
-3.4085584102207593;0.253018340410761;0
-5.944990157876509;0.17409502062072635;1
-8.190507306573975;1.8095504716427975;1
-6.143722126193182;-0.9805677945728507;1
-6.106952378369924;0.9737652433899151;1
-1.9980142233346494;0.5959622612138518;0
-6.276149428703114;-2.316015303394209;1
-2.8456708800436328;-1.6248035823708666;0
-3.1596526609068345;-2.150659932314968;0
-2.7116816767013825;-0.19484256330515448;0
-8.458539429868205;0.6105720843182836;1
-8.947211136101341;-2.5887361751913653;1
-3.91095262708112;1.3294627532813934;0
-7.759955785770774;-1.176576908404567;1
-10.53582819920114;-1.1889986796540375;1
0.8909665861846712;2.0046751751379306;0
-1.6112220023640074;1.414713939113755;0
-7.049987004467301;-0.5978631541163197;1
-10.059172756202127;0.8004106120480914;1
-9.296002175397478;-0.6524604951724158;1
-4.689722850296657;-0.8931649663438641;0
-4.471934618862955;0.5613211816409697;0
-7.051219490785847;0.7382421108335353;1
-3.880480455775008;3.71544208545066;0
-3.8191112877552498;3.236531359287055;0
-2.3816625384369043;4.190779018081717;0
-2.1313688432437887;-0.47763335927758854;0
-1.436228082541299;0.1975794886026696;0
-2.2893145966333712;5.204614066616035;0
-6.763716331575331;-1.8684854847938095;1
-4.699487414734749;-0.4015045788309153;0
-3.085687509722435;-0.23747142325742354;0
-3.353647333336912;1.3942660946215115;0
-7.151228799057931;-0.2337136088790598;1
-2.0186746276293093;-0.26660978894956533;0
-0.9669569292507147;1.9399529513952372;0
-10.605036162584796;1.3384636297981007;1
-7.713449586527239;2.8189644162804335;1
-5.990711027257438;-0.7803124995979855;1
-2.6963821198273896;2.6012654812087996;0
-4.482728136849809;-1.5677481583029618;1
-0.39979630888321216;-0.5783363824317336;0
-8.995790636635029;-0.568284329826815;1
-1.8205544543361842;3.8010567675711213;0
-4.33294040108553;-0.2679516639048316;0
-3.922854919401697;2.6243881561153675;0
-8.72805940057065;-1.6666410034049157;1
-6.028291588034691;-0.7070695508652094;1
-7.9974126575354765;-0.7398937260117149;1
-9.705616738695372;0.5665230170126443;1
-2.069403971956009;2.2663812094482685;0
-6.194520220597482;2.048346519192727;1
-7.91343777338255;-0.6794580457704982;1
-1.8699687071676403;0.3651548751534817;0
-3.208437169773914;0.5363909761853672;0
-8.235317320842567;0.5223283066793285;1
-4.883057707099109;0.5902561368544131;0
-7.187374231444891;-0.8038713864953047;1
-3.783777706374019;1.2158165065561364;0
-8.207712079007715;0.02110665835493153;1
-4.679676730233408;-0.5706198428305611;0
-4.8859480258356704;-0.43679709180208304;1
-3.165968647092161;-0.9187927285055533;0
-8.999185983507893;-0.3699462619079902;1
-8.365208235191721;0.8401642473969275;1
-9.656372427307602;-0.0206096469810626;1
-2.378563945837353;-1.177918339834724;0
-8.646697569409957;-0.34660107530318895;1
-4.7198144288489345;1.307214812905396;1
-2.179264169983565;1.247556979448513;0
-9.088948094765897;2.4870753567907813;1
-8.746357947838623;-1.87604768572928;1
-3.194703085835835;0.2792371054387479;0
-7.418767188069535;-2.6587235432747924;1
-5.873801374312522;0.09026389528953316;0
-6.66101360616471;0.7364387590290122;1
-8.286722550745418;-2.5981995297428595;1
-6.136146747599795;0.9739351345427335;0
-7.855794424799744;-1.3952186761988399;1
-8.982377254189595;1.405417813875327;1
-3.980331064698451;-2.5631383997504487;0
-4.488085111768087;0.8641984726885236;0
-5.386032097124103;0.09712066868254765;1
-2.5301360057072078;0.7648042501364875;0
-7.159531371285176;-2.982567130333479;1
-9.230627747329907;0.775328687739226;1
-5.7986118400944955;0.5261714956764039;0
-5.899324253338444;3.0784587434349255;0
-7.390250075215408;1.0063843195271776;1
-4.8507248519800665;1.4978624888152416;1
-2.435929819076422;-0.14055069506234408;0
-9.080068243116589;1.3777724531563642;1
-7.564827386088456;0.4755024256924667;1
-6.734484900390151;-1.8297811864051423;1
-9.946151212825352;-0.2699133176942188;1
-7.394384532380446;-0.3083950944511083;1
-5.354947191995513;-0.10805344746575152;0
-3.9978009987283114;2.469964737389134;0
-3.3100348773306267;-1.8031092507139928;0
-1.6565852536814054;1.1333611836702273;0
-3.4378075040683362;3.851786421273813;0
-6.21425041015711;0.06744660108643208;1
-3.84493424267912;3.14007224899071;0
-7.574752653570823;-0.9022976194584875;1
-2.965929091248727;-0.6617370755806506;0
-5.5079390632109195;0.45866653490762666;1
-11.673748640443694;0.7192365443259372;1
-3.0154778640874413;-0.7050814496421636;0
-6.261577139953663;-1.1363480455639667;1
-3.2308538267169;0.7090294908921349;0
-1.3337186883961585;0.2647833836728144;0
-6.585273868398805;-0.7464553244333869;1
-4.542361559134127;-1.4791359082212887;0
-7.133173370850808;-1.5027299097183984;1
-4.516878194246527;0.90109783557011;0
-4.68158428622635;1.7143644878618745;0
-0.3962165304542822;3.3224293609373596;0
-11.280795232432503;0.923670179435081;1
-5.401007044056011;3.357396644214148;0
-5.60292667007153;-0.7774192803240875;1
-6.677435976870088;-0.635689699267231;1
-6.22596755598337;-0.011963520667840677;1
-4.2382378574915505;-0.5004596539190933;0
-3.897388854656922;-2.66347931908837;1
-1.8511190443290744;0.6632936927564042;0
-2.8225521789419243;0.12201169966292358;0
-2.6895216960004604;3.2541899703246875;0
-5.575888582198788;0.11731736383374425;1
-2.139260065536815;0.8743841713807092;0
-7.924356493926906;-3.1475266446778076;1
-5.805490969089587;-1.7719100049315155;1
-10.853008000657168;-0.7088909556791736;1
-8.520736032767775;-1.3287523146733813;1
-11.176812001563022;-0.23342370923376793;1
-7.2214097268277815;-2.0059518593372143;1
-7.645507994374103;-2.88463391991085;1
-7.027479744962057;-0.9313766953077928;1
-8.350291386306894;-0.6756093877762722;1
-8.37059139803743;-2.216531160815116;1
-5.7815925623799025;-2.200819030304552;1
-4.788916486699842;-0.25165453696243006;1
-3.9673322864973324;0.9803049098225483;1
-7.518965678562184;-0.41226070453216446;1
-3.662060510311944;0.18637951132876973;0
-3.4221930681069557;2.5867298521263593;0
-3.157685011360051;2.039407864545284;0
-3.5959845272077766;2.1208084649589276;0
-8.608820542778242;0.16903269485874883;1
-7.663512226589469;-1.4278964475950129;1
-7.2510805914422765;-1.3101317522127482;1
-8.439285090752696;1.7025324782096751;1
-4.120393713992737;1.1434376435436326;0
-6.475303981280413;0.975132392442731;0
-9.957815493220968;-4.073482071346132;1
-8.845853268645046;1.2671779092725162;1
-8.666318086221555;2.2127357788919806;1
-3.853372527728143;-1.5581192961998114;0
-3.5118767962085613;-4.437097545048147;1
-4.308133171405324;1.4271757927062019;0
-5.837340412589329;2.5129762637309883;0
-1.817905131920745;-0.369352531234417;0
-4.271369189457283;-0.6511450229936235;0
-4.547843277400492;0.677123522516375;0
-9.505832076050368;-0.19762414820268792;1
-7.886719403856231;0.24516108589164998;1
-6.530665516943417;0.2907320666942317;1
-4.607178575263623;0.05460701895106246;0
-4.937595646225941;-2.7221422247535743;1
-4.485738945080538;-1.0245086842675433;0
-10.235253584974885;-2.3066595098687084;1
-9.214129009520896;-1.4768487584879688;1
-7.493842001775719;-1.4323901390580047;1
-5.529863061777439;0.7129565106433422;1
-3.0596499811113462;0.594567736111592;0
-2.7071406589600535;3.0429596440003737;0
-7.387750354278096;-1.1973337610390584;1
-4.136361388022342;1.746432944763534;0
-5.388967042746543;-1.206350897181022;1
-5.155506679647073;-0.12333024547658211;0
-6.775278003024531;0.2938678849977424;1
-7.266339236198076;-2.8348011758398384;1
-6.380339555063695;1.4261155529789302;0
-2.9488157747911625;0.1468247418626275;0
-6.09847183705439;-0.475083714665141;1
-3.7029343529861487;2.3963852789997917;0
-8.817816304479294;-0.7132702943001932;1
-4.0322275145162845;2.58164993647748;0
-3.2247143190332297;2.413837829592723;0
-1.3322404061648325;1.7989589959636199;0
-8.07395894646431;-1.4782774809371988;1
-4.650375124615115;-0.6797152717176251;0
-3.868970784635791;2.237676409930717;0
-6.05256334806068;-0.5708900285881572;1
-1.3781234755715883;0.7967012834361374;0
-9.392418056724408;-0.7173443774492896;1
-1.5309374960895679;0.38883781055916955;0
-8.169124568485543;-2.4101267415716134;1
-4.938358399322691;3.0833833389015224;1
-4.766614248430555;0.7772583331297427;0
-3.738921020600557;-0.998018876270824;0
-5.780229017891729;2.125016945469551;1
-7.31252454549332;-0.7509281778048649;1
-9.150043830706435;1.9732667799737929;1
-7.6532527522363685;-1.5455059633079893;1
-6.521909951757195;0.3932858210916603;0
-0.18734073495668646;0.27260867720738835;0
-5.6732669267635085;2.5076802263003017;0
-6.795279564106989;-1.7512036502755841;1
-4.272497277431816;1.3957168935130957;0
-5.881508255070935;1.728770352529362;0
-8.92431958305555;1.2560197608207633;1
-8.96258124895336;-1.1662156560603614;1
-7.714188608995407;-1.2500197706591392;1
-0.8334286207813495;4.164972879411867;0
-6.870216703807637;0.7236233028268046;1
-2.8000479955553;-1.6530747598360325;0
-6.678728346532492;0.5504029138521558;1
-5.210352265458328;0.7161604470095149;0
-8.011538229222047;-1.5591241602949273;1
-4.35905394020633;-0.23427763720094275;0
-0.9603353952974425;-0.13594749913370596;0
-8.632916240276234;0.38230671813637407;1
-5.887301926207863;-1.443267270655444;1
-7.02914864259607;-1.730635624348227;1
-2.700746698759656;-0.09467811048750918;0
-5.430790277267915;-1.6445963913681405;1
-3.3188472986253728;3.307459070892186;0
-8.414457282982735;1.500988446626569;1
-8.403527389921821;-0.6167387453092354;1
-3.917119738132926;4.8306374402853445;0
-4.061050259412542;1.0989650594515736;0
-8.456344723416166;-0.8899016225959299;1
-4.3778497693279235;-0.7973857543862861;1
-3.326228152194065;1.0807139867412847;0
-5.043642798362223;0.18135756322375352;1
-4.301966270209809;2.088705551219255;0
-8.805155617125411;-0.2688171629220305;1
-9.500321086882035;-1.7760045675281877;1
-1.4531377487845865;1.5408567331593181;0
-3.786142728314002;0.8226238009281055;0
-2.057790904636419;1.0152242607126003;0
-6.934481901691917;-0.9144562853616711;1
-8.441458634212621;-2.51800475781337;1
-2.596993271608638;0.8349539668267891;0
-3.762116122787634;0.9202612055695724;0
-2.13744695044912;2.2498275310013214;0
-1.0081377511810548;1.9092571045610294;0
-9.257131513923087;-3.0880372541121814;1
-6.19305282991533;-2.5414071275502526;1
-2.3990065772983513;1.849748703217492;0
-8.322119180789645;0.6560811395380877;1
-8.676562841361385;-1.9519475370904884;1
-4.391904671303131;1.85620155676558;0
-1.8243519227279952;0.5914267798310515;0
-3.5445754924042125;-1.4537235087902722;0
-7.883335231107682;-0.0407480736220035;1
-0.3922825259517406;0.05430377131183994;0
-9.966739182755855;-0.17670178728989805;1
-2.4044780401071115;-1.2233574600665253;0
-2.8289894891007057;2.949727933778255;0
-2.665365248162723;1.4676607230400585;0
-8.737282227183247;-1.0979194202596025;1
-3.536321630343522;-1.7002974152483206;0
-3.285108680948623;-0.48815971764811983;0
-7.31524332454235;0.5090971027828299;1
-10.036561022333128;0.4356077234882234;1
-9.448441978505048;0.8559450081667235;1
-9.736103790846158;-1.4375258677956873;1
-3.413459622743607;2.9700674694382303;0
-3.238722997821342;0.9250161973169044;0
-1.8234493864394592;1.2456314038635647;0
-7.787508214000452;1.3281214548670448;1
-8.718086268004463;1.3236315658939455;1
-8.252250895332303;0.7921947737286714;1
-4.126354481939086;-0.6323762144808329;0
-1.4787527705594306;1.0740623586451716;0
-10.575616737511332;-0.23669694887186626;1
-6.5314935335843725;2.2393491668772354;0
-3.202219107526249;-2.6189017728893185;0
-2.8345652162466615;2.858707181001794;0
-4.076817411448113;1.0434642327699466;0
-10.354622568820638;1.910158261383942;1
-7.891325191409787;1.5402159505021804;1
-6.897068661082333;0.2771741506955435;1
-1.9891777103577537;0.24043871653485294;0
-1.9050011032626377;-0.6340075131024503;0
-9.359512850389915;-2.1902262183827665;1
-1.5747830412609491;0.04523448978517941;0
-8.873269136665202;-1.4719659269599674;1
-0.8410519244882675;1.4532779733649461;0
-5.974909099325775;0.6661484192141254;0
-9.414858557885822;0.840591986454349;1
-8.089540787953037;0.9720616259667865;1
-2.479846655503204;-0.06543199724257243;0
-2.9329079201882573;-0.1757232282019986;0
-4.400369430421807;1.349549160501696;0
-4.587520485286044;1.317054349311455;0
-5.722427422078975;0.15264917587232918;0
-2.723429865954463;-0.19864985684100844;0
-7.9145252533853725;-3.557137532404573;1
-5.751295209887475;-0.02700050577381541;1
-7.0706572761244315;-3.0680984970672176;1
-1.6420202887444406;0.4830568356893593;0
-7.554686996664388;-2.0350115577365266;1
-1.6686732811235094;2.423155157060253;0
-8.095263742554154;-1.1336499939924845;1
-1.125978642568311;2.6594441904814525;0
-7.668603683864676;-0.5044229462568756;1
-2.5249502980969805;2.8269665273604536;0
-0.6526012070388996;1.9087466402943336;0
-4.520959874952025;3.071801590227862;1
-5.980779976338113;1.8320356079419233;1
-4.211022541912172;1.0122047060362238;0
-5.9707931751234735;0.976137854016607;1
-8.672239109564682;-2.3258542396078705;1
-7.923860690689468;2.4569642542536534;1
-3.7673936723677173;2.680609234348558;0
-5.723049965490171;0.036704729840156824;0
-1.3217855510292194;-1.885502453266246;0
-3.2395411663720184;-2.392763271839997;0
-1.137973157970099;1.5892617895792311;0
-7.547971918038006;0.3519809095464237;0
-5.787592687260441;-0.8174403382989481;0
-4.58578228460925;0.12392107115908102;0
-2.808420116997554;1.7853749366563023;0
-4.459907424077519;0.968391998816582;0
-3.8950219509328163;1.183406048205176;0
-7.170697539583111;0.5871024488786483;1
-0.6463853346127153;-0.2563145990334901;0
-4.73904027383557;2.525842184680913;0
-1.8086497193629691;0.7268425664329738;0
-4.176907837309804;0.1809930444243072;1
-2.7470214039836702;0.7525697835441707;0
-7.738934566580821;-1.4497297072781525;1
-7.85988253412152;3.079513059175727;1
-7.181384744881356;1.1654011049046602;1
-3.978500439338214;1.3679924739556353;0
-4.01335658123948;2.639608231905764;0
-3.3928534017143757;1.410557918789619;0
-8.449611741702546;0.5969882381462743;1
-1.8598763465690362;-0.6337335975915306;0
-9.59066867612239;-0.3808026440837861;1
-2.8609430785701413;1.0361996501181492;0
-4.09736844649478;0.36739286842304375;0
-2.441380644742633;2.476144924449743;0
-9.616003973984213;1.5342110260586508;1
-6.05786866291454;0.801870747311443;1
-7.49649452297997;-0.342825404890913;1
-5.252633331273556;-0.001593981045257209;0
-9.536892680050265;-0.3374099804475337;1
-10.285145424710736;0.01363819048208903;1
-6.349771251499048;1.1831141928160318;1
-4.4141673862005515;-0.5655188088760863;1
-8.376155228258904;-1.964766168612361;1
-4.952624594103904;0.004503088584190795;0
-8.512552016016686;1.1392610452719025;1
-6.6947915570570835;-1.154157136823638;1
-6.155969391667408;-1.799801188248353;1
-6.2806384372252;1.6665627807643004;0
-8.960704584571918;-2.9523596510360184;1
-7.061383337493323;-0.7229529398380525;1
-2.0594374023662265;2.4347849852833323;0
-4.467574407337071;1.0236278593264307;0
-7.196753965545643;0.0252301194048129;1
-3.1602408458452005;0.3372086399326878;0
-3.3192835721667993;3.77724067755588;0
-3.089648200409429;0.8957165469882878;0
-5.315968337014159;1.8954568099012743;0
-3.6381487245628397;0.2629389710993393;0
-4.656116714624949;2.6371890767260133;0
-2.585196179009375;2.7309034246646435;0
-2.404668461998715;0.9748233444991777;0
-6.641684963310807;-1.2620934705859146;1
-1.97336362995714;1.8596194206936754;0
-3.5188308084155655;-1.2941236678059784;0
-5.441010622937451;2.6440093404280147;0
-7.077707929825625;2.496298372541826;1
-2.532896126211412;-0.7262424200538593;0
-7.25789037402612;-2.702958698467008;1
-4.383834680275216;-0.714310722563392;0
-4.2145587439120344;1.7449448848238491;0
-4.29668285141528;2.110894575367882;0
-7.359048503273991;-1.2472000179321854;1
-4.050534576224606;1.1779584590373804;0
-4.34841993857462;2.643549660408347;0
-6.142881162466509;-1.2367964986226365;1
-6.924640625573359;1.218870046695364;1
-6.18258568087019;1.0784857788838331;0
-6.73230277989772;1.327718876722833;0
-5.980105641409424;1.2561062890245227;0
-3.927374972590764;0.8969481498199323;0
-3.5853302416406234;1.9506699439113016;0
-8.048802816863232;-2.506571781436667;1
-8.405347900607172;0.6724575478803558;1
-5.380256516775763;-0.055984098763325774;0
-1.690804336182977;-0.2742909925841839;0
-4.299488925968506;2.5318207295704083;0
-6.041373483997582;1.0842535000815732;0
-7.668449756463404;1.63153737754195;1
-3.8640293369020893;-1.7064248653587542;0
-3.1491584692165127;0.09590631997541799;0
-10.0620042488886;-0.7167151754547668;1
-7.933743104582648;-2.335116868966351;1
-7.898809185561115;-0.8500509369849586;1
-2.3326301461437025;-0.7349166357808228;0
-4.357085531788749;-2.7257643546866297;0
-3.468539300590892;-2.2077176509445504;0
-9.173279604909565;-1.510153040521466;1
-3.940052687466457;-0.9046735464997533;0
-7.5679742778113726;-0.0345648764626304;1
-4.461463176716033;1.1391587480206076;0
-4.900525402150876;2.3017369753506594;0
-5.594402830220243;-0.25381931441469685;1
-9.902401951689658;0.07549226891055705;1
-3.023076029815907;1.8903051394228196;0
-2.9129238138119087;-1.4819434122243558;0
-7.617930481563614;-0.5774142124345298;1
-6.697249184490891;3.005614247819305;1
-3.3498403910820573;-0.5773908240345411;0
-8.830228658941097;0.2814248756260753;1
-6.80724636806458;0.7607663062800274;1
-3.483835513084112;1.3762712247950821;0
-4.617954094709713;1.5751120473586004;0
-1.3315214459245683;-0.8287873530760872;0
-6.478595607307971;-0.07256538153437997;1
-2.4944683627030053;-3.283720720205655;0
-7.198812184229046;-2.413479977179796;1
-3.8294604172938245;2.1761505887456156;0
0.5180363913416985;0.10372727950807281;0
-8.71229476839317;-0.35651245043714064;1
-2.705269791680788;1.419851477074498;0
-5.69779752688357;-0.5909921398432576;1
-5.219164688814848;0.1104631335834727;1
-7.753981868789725;2.7416740522873426;1
-7.575964049906221;0.45111853411598446;1
-3.6780772520269354;1.048464963142044;0
-7.22451081561916;-0.5420915601268004;1
-4.555069343455909;2.866327046363203;0
-3.1284405934522583;2.6492141412972514;0
-5.6323013332423315;0.008861696442013733;1
-4.3627704986373095;0.17633688849671836;0
